Time, ground truth x, ground truth y, ground truth v, ground truth yaw 
0,-9.83333,4,5,0
0,24.8,-4,-6,0
0,-11.9667,0,1,0
0,-9.66667,4,5,0
0,24.6,-4,-6,0
0,-11.9333,0,1,0
33333,-9.5,4,5,0
33333,24.4,-4,-6,0
33333,-11.9,0,1,0
66666,-9.33333,4,5,0
66666,24.2,-4,-6,0
66666,-11.8667,0,1,0
100000,-9.16667,4,5,0
100000,24,-4,-6,0
100000,-11.8333,0,1,0
133333,-9,4,5,0
133333,23.8,-4,-6,0
133333,-11.8,0,1,0
166666,-8.83333,4,5,0
166666,23.6,-4,-6,0
166666,-11.7667,0,1,0
200000,-8.66667,4,5,0
200000,23.4,-4,-6,0
200000,-11.7333,0,1,0
233333,-8.5,4,5,0
233333,23.2,-4,-6,0
233333,-11.7,0,1,0
266666,-8.33333,4,5,0
266666,23,-4,-6,0
266666,-11.6667,0,1,0
300000,-8.16667,4,5,0
300000,22.8,-4,-6,0
300000,-11.6333,0,1,0
333333,-8,4,5,0
333333,22.6,-4,-6,0
333333,-11.6,0,1,0
366666,-7.83333,4,5,0
366666,22.4,-4,-6,0
366666,-11.5667,0,1,0
400000,-7.66667,4,5,0
400000,22.2,-4,-6,0
400000,-11.5333,0,1,0
433333,-7.5,4,5,0
433333,22,-4,-6,0
433333,-11.5,0,1,0
466666,-7.33333,4,5.01667,0
466666,21.8,-4,-6,0
466666,-11.4667,0,1.06667,0.0166667
500000,-7.16611,4,5.03333,0
500000,21.6,-4,-6,0
500000,-11.4311,0.000592565,1.13333,0.0344444
533333,-6.99833,4,5.05,0
533333,21.4,-4,-6,0
533333,-11.3934,0.00189354,1.2,0.0533333
566666,-6.83,4,5.06667,0
566666,21.2,-4,-6,0
566666,-11.3534,0.00402587,1.26667,0.0733333
600000,-6.66111,4,5.08333,0
600000,21,-4,-6,0
600000,-11.3113,0.00711939,1.33333,0.0944445
633333,-6.49167,4,5.1,0
633333,20.8,-4,-6,0
633333,-11.2671,0.0113107,1.4,0.116667
666666,-6.32167,4,5.11667,0
666666,20.6,-4,-6,0
666666,-11.2207,0.0167428,1.46667,0.14
700000,-6.15111,4,5.13334,0
700000,20.4,-4,-6,0
700000,-11.1723,0.0235649,1.53333,0.164444
733333,-5.98,4,5.15,0
733333,20.2,-4,-6,0
733333,-11.1219,0.031932,1.6,0.19
766666,-5.80833,4,5.16667,0
766666,20,-4,-6,0
766666,-11.0695,0.0420045,1.66667,0.216667
800000,-5.63611,4,5.18334,0
800000,19.8,-4,-6,0
800000,-11.0153,0.0539476,1.73333,0.244445
833333,-5.46333,4,5.2,0
833333,19.6,-4,-6,0
833333,-10.9592,0.0679308,1.8,0.273333
866666,-5.29,4,5.21667,0
866666,19.4,-4,-6,0
866666,-10.9014,0.0841274,1.86667,0.303333
900000,-5.11611,4,5.23334,0
900000,19.2,-4,-6,0
900000,-10.842,0.102713,1.93333,0.334445
933333,-4.94167,4,5.25,0
933333,19,-4,-6,0
933333,-10.7812,0.123867,2,0.366667
966666,-4.76667,4,5.26667,0
966666,18.8,-4,-6,0
966666,-10.7189,0.147767,2.08333,0.366667
1000000,-4.59111,4,5.28334,0
1000000,18.6,-4,-6,0
1000000,-10.6541,0.172664,2.16667,0.366667
1033333,-4.415,4,5.3,0
1033333,18.4,-4,-6,0
1033333,-10.5867,0.198556,2.25,0.366667
1066666,-4.23833,4,5.31667,0
1066666,18.2,-4,-6,0
1066666,-10.5167,0.225444,2.33333,0.366667
1100000,-4.06111,4,5.33334,0
1100000,18,-4,-6,0
1100000,-10.4441,0.253327,2.41667,0.366667
1133333,-3.88333,4,5.35,0
1133333,17.8,-4,-6,0
1133333,-10.3689,0.282207,2.5,0.366667
1166666,-3.705,4,5.36667,0
1166666,17.6,-4,-6,0
1166666,-10.2911,0.312082,2.58333,0.366667
1200000,-3.52611,4,5.38334,0
1200000,17.4,-4,-6,0
1200000,-10.2107,0.342954,2.66667,0.366667
1233333,-3.34666,4,5.40001,0
1233333,17.2,-4,-6,0
1233333,-10.1277,0.374821,2.75,0.366667
1266666,-3.16666,4,5.41667,0
1266666,17,-4,-6,0
1266666,-10.0421,0.407684,2.83333,0.366667
1300000,-2.98611,4,5.43334,0
1300000,16.8,-4,-6,0
1300000,-9.95395,0.441543,2.91667,0.366667
1333333,-2.805,4,5.45001,0
1333333,16.6,-4,-6,0
1333333,-9.86319,0.476398,3,0.366667
1366666,-2.62333,4,5.46667,0
1366666,16.4,-4,-6,0
1366666,-9.76984,0.512248,3.08333,0.366667
1400000,-2.44111,4,5.48334,0
1400000,16.2,-4,-6,0
1400000,-9.67389,0.549095,3.16667,0.366667
1433333,-2.25833,4,5.50001,0
1433333,16,-4,-6,0
1433333,-9.57536,0.586937,3.25,0.366667
1466666,-2.075,4,5.51667,0
1466666,15.8,-4,-6,0
1466666,-9.47422,0.625775,3.33333,0.366667
1500000,-1.89111,4,5.53334,0
1500000,15.6,-4,-6,0
1500000,-9.3705,0.665609,3.41667,0.366667
1533333,-1.70666,4,5.55001,0
1533333,15.4,-4,-6,0
1533333,-9.26418,0.706439,3.5,0.366667
1566666,-1.52166,4,5.56667,0
1566666,15.2,-4,-6,0
1566666,-9.15527,0.748264,3.58333,0.366667
1600000,-1.33611,4,5.58334,0
1600000,15,-4,-6,0
1600000,-9.04376,0.791086,3.66667,0.366667
1633333,-1.14999,4,5.60001,0
1633333,14.8,-4,-6,0
1633333,-8.92967,0.834903,3.75,0.366667
1666666,-0.963328,4,5.61667,0
1666666,14.6,-4,-6,0
1666666,-8.81298,0.879717,3.83333,0.366667
1700000,-0.776105,4,5.63334,0
1700000,14.4,-4,-6,0
1700000,-8.69369,0.925526,3.91667,0.366667
1733333,-0.588327,4,5.65001,0
1733333,14.2,-4,-6,0
1733333,-8.57181,0.972331,4,0.366667
1766666,-0.399994,4,5.66668,0
1766666,14,-4,-6,0
1766666,-8.44734,1.02013,4.08333,0.366667
1800000,-0.211105,4,5.68334,0
1800000,13.8,-4,-6,0
1800000,-8.32028,1.06893,4.16667,0.366667
1833333,-0.0216598,4,5.70001,0
1833333,13.6,-4,-6,0
1833333,-8.19062,1.11872,4.25,0.366667
1866666,0.168341,4,5.71668,0
1866666,13.4,-4,-6,0
1866666,-8.05837,1.16951,4.33333,0.366667
1900000,0.358896,4,5.73334,0
1900000,13.2,-4,-6,0
1900000,-7.92353,1.22129,4.41667,0.366667
1933333,0.550008,4,5.75001,0
1933333,13,-4,-6,0
1933333,-7.7861,1.27407,4.5,0.366667
1966666,0.741675,4,5.76668,0
1966666,12.8,-4,-6,0
1966666,-7.64607,1.32785,4.58333,0.366667
2000000,0.933897,4,5.78334,0
2000000,12.6,-4,-6,0
2000000,-7.50344,1.38262,4.66667,0.366667
2033333,1.12668,4,5.80001,0
2033333,12.4,-4,-6,0
2033333,-7.35823,1.43839,4.75,0.366667
2066666,1.32001,4,5.81668,0
2066666,12.2,-4,-6,0
2066666,-7.21042,1.49515,4.83333,0.366667
2100000,1.5139,4,5.83334,0
2100000,12,-4,-6,0
2100000,-7.06002,1.55291,4.91667,0.366667
2133333,1.70834,4,5.85001,0
2133333,11.8,-4,-6,0
2133333,-6.90702,1.61167,5,0.366667
2166666,1.90334,4,5.85001,-0.0195
2166666,11.6,-4,-6,0
2166666,-6.75144,1.67142,5.08333,0.366667
2200000,2.09831,3.9962,5.85001,-0.0390001
2200000,11.4,-4,-6,0
2200000,-6.59325,1.73216,5.16667,0.366667
2233333,2.29316,3.98859,5.85001,-0.0585001
2233333,11.2,-4,-6,0
2233333,-6.43248,1.79391,5.25,0.366667
2266666,2.48783,3.97719,5.85001,-0.0780002
2266666,11,-4,-6,0
2266666,-6.26911,1.85664,5.33333,0.366667
2300000,2.68223,3.962,5.85001,-0.0975002
2300000,10.8,-4,-6,0
2300000,-6.10315,1.92038,5.41667,0.366667
2333333,2.87631,3.94302,5.85001,-0.117
2333333,10.6,-4,-6,0
2333333,-5.9346,1.98511,5.5,0.366667
2366666,3.06997,3.92025,5.85001,-0.1365
2366666,10.4,-4,-6,0
2366666,-5.76345,2.05084,5.58333,0.366667
2400000,3.26316,3.89372,5.85001,-0.156
2400000,10.2,-4,-6,0
2400000,-5.58971,2.11756,5.66667,0.366667
2433333,3.45579,3.86342,5.85001,-0.1755
2433333,10,-4,-6,0
2433333,-5.41338,2.18528,5.75,0.366667
2466666,3.6478,3.82937,5.85001,-0.195
2466666,9.8,-4,-6,0
2466666,-5.23445,2.25399,5.83334,0.366667
2500000,3.8391,3.79159,5.85001,-0.2145
2500000,9.6,-4,-6,0
2500000,-5.05293,2.3237,5.91667,0.366667
2533333,4.02964,3.75008,5.85001,-0.234001
2533333,9.4,-4,-6,0
2533333,-4.86882,2.3944,6,0.366667
2566666,4.21932,3.70487,5.85001,-0.253501
2566666,9.2,-4,-6,0
2566666,-4.68212,2.4661,6.08334,0.366667
2600000,4.40809,3.65596,5.85001,-0.273001
2600000,9,-4,-6,0
2600000,-4.49282,2.5388,6.16667,0.366667
2633333,4.59587,3.60339,5.85001,-0.292501
2633333,8.8,-4,-6,0
2633333,-4.30092,2.61249,6.25,0.366667
2666666,4.78259,3.54716,5.85001,-0.312001
2666666,8.6,-4,-6,0
2666666,-4.10644,2.68718,6.33334,0.366667
2700000,4.96817,3.4873,5.85001,-0.331501
2700000,8.4,-4,-6,0
2700000,-3.90936,2.76287,6.41667,0.366667
2733333,5.15256,3.42383,5.85001,-0.351001
2733333,8.2,-4,-6,0
2733333,-3.70969,2.83955,6.5,0.366667
2766666,5.33567,3.35679,5.85001,-0.370501
2766666,8,-4,-6,0
2766666,-3.50743,2.91722,6.58334,0.366667
2800000,5.51744,3.28618,5.85001,-0.390001
2800000,7.8,-4,-6,0
2800000,-3.30257,2.9959,6.66667,0.366667
2833333,5.69779,3.21204,5.85001,-0.409501
2833333,7.6,-4,-6,0
2833333,-3.09512,3.07556,6.75,0.366667
2866666,5.87667,3.1344,5.85001,-0.429001
2866666,7.4,-4,-6,0
2866666,-2.88507,3.15623,6.83334,0.366667
2900000,6.054,3.05329,5.85001,-0.448501
2900000,7.2,-4,-6,0
2900000,-2.67244,3.23789,6.91667,0.366667
2933333,6.22972,2.96874,5.85001,-0.468001
2933333,7,-4,-6,0
2933333,-2.45721,3.32054,7,0.366667
2966666,6.40375,2.88077,5.85001,-0.487501
2966666,6.8,-4,-6,0
2966666,-2.23938,3.4042,7.08334,0.366667
3000000,6.57603,2.78943,5.85001,-0.507001
3000000,6.6,-4,-6,0
3000000,-2.01897,3.48884,7.16667,0.366667
3033333,6.7465,2.69474,5.85001,-0.526501
3033333,6.4,-4,-6,0
3033333,-1.79596,3.57449,7.25,0.366667
3066666,6.91509,2.59675,5.85001,-0.546001
3066666,6.2,-4,-6,0
3066666,-1.57036,3.66112,7.33334,0.366667
3100000,7.08174,2.4955,5.85001,-0.565501
3100000,6,-4,-6,0
3100000,-1.34216,3.74876,7.41667,0.366667
3133333,7.24638,2.39101,5.85001,-0.585001
3133333,5.8,-4,-6,0
3133333,-1.11137,3.83739,7.50001,0.366667
3166666,7.40896,2.28333,5.85001,-0.604501
3166666,5.6,-4,-6,0
3166666,-0.877988,3.92702,7.50001,0.241667
3200000,7.5694,2.1725,5.85001,-0.624001
3200000,5.4,-4,-6,0
3200000,-0.635253,3.98685,7.50001,0.116667
3233333,7.72765,2.05856,5.85001,-0.643501
3233333,5.2,-4,-6,0
3233333,-0.386952,4.01595,7.50001,-0.0083335
3266666,7.88365,1.94156,5.85001,-0.624001
3266666,5,-4,-6,0
3266666,-0.136961,4.01386,7.56667,-0.0083335
3300000,8.04191,1.82763,5.85001,-0.604501
3300000,4.8,-4,-6,0
3300000,0.115253,4.01176,7.63334,-0.0083335
3333333,8.20235,1.7168,5.85001,-0.585001
3333333,4.6,-4,-6,0
3333333,0.369689,4.00964,7.70001,-0.0083335
3366666,8.36492,1.60912,5.85001,-0.565501
3366666,4.4,-4,-6,0
3366666,0.626347,4.0075,7.76667,-0.0083335
3400000,8.52957,1.50463,5.85001,-0.546001
3400000,4.2,-4,-6,0
3400000,0.885227,4.00535,7.83334,-0.0083335
3433333,8.69622,1.40337,5.85001,-0.526501
3433333,4,-4,-6,0
3433333,1.14633,4.00317,7.9,-0.0083335
3466666,8.86481,1.30538,5.85001,-0.507001
3466666,3.8,-4,-6,0
3466666,1.40965,4.00098,7.96667,-0.0083335
3500000,9.03528,1.2107,5.85001,-0.487501
3500000,3.6,-4,-6,0
3500000,1.6752,3.99876,8.03334,-0.0083335
3533333,9.20756,1.11935,5.85001,-0.468001
3533333,3.4,-4,-6,0
3533333,1.94297,3.99653,8.10001,-0.0083335
3566666,9.38159,1.03139,5.85001,-0.448501
3566666,3.2,-4,-6,0
3566666,2.21296,3.99428,8.16667,-0.0083335
3600000,9.55731,0.946834,5.85001,-0.429001
3600000,3,-4,-6,0
3600000,2.48517,3.99201,8.23334,-0.0083335
3633333,9.73464,0.865721,5.85001,-0.409501
3633333,2.8,-4,-6,0
3633333,2.75961,3.98973,8.3,-0.0083335
3666666,9.91352,0.788081,5.85001,-0.390001
3666666,2.6,-4,-6,0
3666666,3.03626,3.98742,8.36667,-0.0083335
3700000,10.0939,0.713944,5.85001,-0.370501
3700000,2.4,-4,-6,0
3700000,3.31514,3.9851,8.43334,-0.0083335
3733333,10.2756,0.643338,5.85001,-0.351001
3733333,2.2,-4,-6,0
3733333,3.59625,3.98275,8.5,-0.0083335
3766666,10.4588,0.576289,5.85001,-0.331501
3766666,2,-4,-6,0
3766666,3.87957,3.98039,8.56667,-0.0083335
3800000,10.6431,0.512824,5.85001,-0.312001
3800000,1.8,-4,-6,0
3800000,4.16511,3.97801,8.63334,-0.0083335
3833333,10.8287,0.452966,5.85001,-0.292501
3833333,1.6,-4,-6,0
3833333,4.45288,3.97561,8.7,-0.0083335
3866666,11.0154,0.396738,5.85001,-0.273001
3866666,1.4,-4,-6,0
3866666,4.74287,3.9732,8.76667,-0.0083335
3900000,11.2032,0.344162,5.85001,-0.253501
3900000,1.2,-4,-6,0
3900000,5.03509,3.97076,8.83334,-0.0083335
3933333,11.392,0.295257,5.85001,-0.234001
3933333,0.999998,-4,-6,0
3933333,5.32952,3.96831,8.9,-0.0083335
3966666,11.5817,0.250042,5.85001,-0.2145
3966666,0.799998,-4,-5.9,0
3966666,5.62618,3.96584,8.96667,-0.0083335
4000000,11.7722,0.208534,5.85001,-0.195
4000000,0.603331,-4,-5.8,0
4000000,5.92505,3.96335,9.03334,-0.0083335
4033333,11.9635,0.17075,5.85001,-0.1755
4033333,0.409998,-4,-5.7,0
4033333,6.22616,3.96084,9.1,-0.0083335
4066666,12.1555,0.136702,5.85001,-0.156
4066666,0.219998,-4,-5.6,0
4066666,6.52948,3.95831,9.16667,-0.0083335
4100000,12.3481,0.106406,5.85001,-0.1365
4100000,0.0333311,-4,-5.5,0
4100000,6.83502,3.95576,9.23334,-0.0083335
4133333,12.5413,0.0798705,5.85001,-0.117
4133333,-0.150002,-4,-5.4,0
4133333,7.14279,3.9532,9.3,-0.0083335
4166666,12.735,0.0571074,5.85001,-0.0975002
4166666,-0.330002,-4,-5.3,0
4166666,7.45278,3.95061,9.36667,-0.0083335
4200000,12.9291,0.038125,5.85001,-0.0780002
4200000,-0.506669,-4,-5.2,0
4200000,7.76499,3.94801,9.43334,-0.0083335
4233333,13.1235,0.0229303,5.85001,-0.0585001
4233333,-0.680002,-4,-5.1,0
4233333,8.07943,3.94539,9.5,-0.0083335
4266666,13.3182,0.0115293,5.85001,-0.0390001
4266666,-0.850002,-4,-5,0
4266666,8.39608,3.94275,9.56667,-0.0083335
4300000,13.513,0.0039262,5.85001,-0.0195
4300000,-1.01667,-4,-4.9,0
4300000,8.71496,3.94009,9.63334,-0.0083335
4333333,13.708,0.000123929,5.85001,7.45058e-09
4333333,-1.18,-4,-4.8,0
4333333,9.03606,3.93742,9.7,-0.0083335
4366666,13.903,0.00012393,5.78334,7.45058e-09
4366666,-1.34,-4,-4.7,0
4366666,9.35938,3.93472,9.76667,-0.0083335
4400000,14.0957,0.000123932,5.71668,7.45058e-09
4400000,-1.49667,-4,-4.6,0
4400000,9.68493,3.93201,9.83334,-0.0083335
4433333,14.2863,0.000123933,5.65001,7.45058e-09
4433333,-1.65,-4,-4.5,0
4433333,10.0127,3.92928,9.9,-0.0083335
4466666,14.4746,0.000123935,5.58334,7.45058e-09
4466666,-1.8,-4,-4.4,0
4466666,10.3427,3.92653,9.9,-0.0083335
4500000,14.6607,0.000123936,5.51668,7.45058e-09
4500000,-1.94667,-4,-4.3,0
4500000,10.6727,3.92378,9.9,-0.0083335
4533333,14.8446,0.000123937,5.45001,7.45058e-09
4533333,-2.09,-4,-4.2,0
4533333,11.0027,3.92103,9.9,-0.0083335
4566666,15.0263,0.000123939,5.38335,7.45058e-09
4566666,-2.23,-4,-4.1,0
4566666,11.3326,3.91828,9.9,-0.0083335
4600000,15.2057,0.00012394,5.31668,7.45058e-09
4600000,-2.36667,-4,-4,0
4600000,11.6626,3.91553,9.9,-0.0083335
4633333,15.383,0.000123941,5.25001,7.45058e-09
4633333,-2.5,-4,-3.9,0
4633333,11.9926,3.91278,9.9,-0.0083335
4666666,15.558,0.000123943,5.18335,7.45058e-09
4666666,-2.63,-4,-3.8,0
4666666,12.3226,3.91003,9.9,-0.0083335
4700000,15.7307,0.000123944,5.11668,7.45058e-09
4700000,-2.75667,-4,-3.7,0
4700000,12.6526,3.90728,9.9,-0.0083335
4733333,15.9013,0.000123945,5.05001,7.45058e-09
4733333,-2.88,-4,-3.6,0
4733333,12.9826,3.90453,9.9,-0.0083335
4766666,16.0696,0.000123947,4.98335,7.45058e-09
4766666,-3,-4,-3.5,0
4766666,13.3126,3.90178,9.9,-0.0083335
4800000,16.2357,0.000123948,4.91668,7.45058e-09
4800000,-3.11667,-4,-3.4,0
4800000,13.6426,3.89903,9.9,-0.0083335
4833333,16.3996,0.000123949,4.85001,7.45058e-09
4833333,-3.23,-4,-3.3,0
4833333,13.9726,3.89628,9.9,-0.0083335
4866666,16.5613,0.00012395,4.78335,7.45058e-09
4866666,-3.34,-4,-3.2,0
4866666,14.3025,3.89353,9.9,-0.0083335
4900000,16.7208,0.000123951,4.71668,7.45058e-09
4900000,-3.44667,-4,-3.1,0
4900000,14.6325,3.89078,9.9,-0.0083335
4933333,16.878,0.000123953,4.65001,7.45058e-09
4933333,-3.55,-4,-3,0
4933333,14.9625,3.88803,9.9,-0.0083335
4966666,17.033,0.000123954,4.58335,7.45058e-09
4966666,-3.65,-4,-2.9,0
4966666,15.2925,3.88528,9.9,-0.0083335
5000000,17.1858,0.000123955,4.51668,7.45058e-09
5000000,-3.74667,-4,-2.8,0
5000000,15.6225,3.88253,9.9,-0.0083335
5033333,17.3363,0.000123956,4.45001,7.45058e-09
5033333,-3.84,-4,-2.7,0
5033333,15.9525,3.87978,9.9,-0.0083335
5066666,17.4846,0.000123957,4.38335,7.45058e-09
5066666,-3.93,-4,-2.6,0
5066666,16.2825,3.87703,9.9,-0.0083335
5100000,17.6308,0.000123958,4.31668,7.45058e-09
5100000,-4.01667,-4,-2.5,0
5100000,16.6125,3.87428,9.9,-0.0083335
5133333,17.7746,0.000123959,4.25001,7.45058e-09
5133333,-4.1,-4,-2.4,0
5133333,16.9425,3.87153,9.9,-0.0083335
5166666,17.9163,0.00012396,4.18335,7.45058e-09
5166666,-4.18,-4,-2.3,0
5166666,17.2724,3.86878,9.9,-0.0083335
5200000,18.0558,0.000123961,4.11668,7.45058e-09
5200000,-4.25667,-4,-2.2,0
5200000,17.6024,3.86603,9.9,-0.0083335
5233333,18.193,0.000123962,4.05001,7.45058e-09
5233333,-4.33,-4,-2.1,0
5233333,17.9324,3.86328,9.9,-0.0083335
5266666,18.328,0.000123963,3.98335,7.45058e-09
5266666,-4.4,-4,-2,0
5266666,18.2624,3.86053,9.9,-0.0083335
5300000,18.4608,0.000123964,3.91668,7.45058e-09
5300000,-4.46667,-4,-1.9,0
5300000,18.5924,3.85778,9.9,-0.0083335
5333333,18.5913,0.000123965,3.85001,7.45058e-09
5333333,-4.53001,-4,-1.8,0
5333333,18.9224,3.85503,9.9,-0.0083335
5366666,18.7196,0.000123966,3.78335,7.45058e-09
5366666,-4.59001,-4,-1.7,0
5366666,19.2524,3.85228,9.9,-0.0083335
5400000,18.8458,0.000123967,3.71668,7.45058e-09
5400000,-4.64667,-4,-1.6,0
5400000,19.5824,3.84953,9.9,-0.0083335
5433333,18.9696,0.000123968,3.65001,7.45058e-09
5433333,-4.70001,-4,-1.5,0
5433333,19.9124,3.84678,9.9,-0.0083335
5466666,19.0913,0.000123969,3.58335,7.45058e-09
5466666,-4.75001,-4,-1.4,0
5466666,20.2423,3.84403,9.83334,-0.0083335
5500000,19.2108,0.00012397,3.51668,7.45058e-09
5500000,-4.79667,-4,-1.3,0
5500000,20.5701,3.8413,9.76667,-0.0083335
5533333,19.328,0.000123971,3.45001,7.45058e-09
5533333,-4.84001,-4,-1.2,0
5533333,20.8957,3.83858,9.7,-0.0083335
5566666,19.443,0.000123972,3.38335,7.45058e-09
5566666,-4.88001,-4,-1.1,0
5566666,21.219,3.83589,9.63334,-0.0083335
5600000,19.5558,0.000123973,3.31668,7.45058e-09
5600000,-4.91667,-4,-1,0
5600000,21.5401,3.83321,9.56667,-0.0083335
5633333,19.6663,0.000123973,3.25001,7.45058e-09
5633333,-4.95001,-4,-0.900004,0
5633333,21.859,3.83056,9.5,-0.0083335
5666666,19.7746,0.000123974,3.18335,7.45058e-09
5666666,-4.98001,-4,-0.800004,0
5666666,22.1756,3.82792,9.43334,-0.0083335
5700000,19.8808,0.000123975,3.11668,7.45058e-09
5700000,-5.00667,-4,-0.700004,0
5700000,22.49,3.8253,9.36667,-0.0083335
5733333,19.9847,0.000123976,3.05001,7.45058e-09
5733333,-5.03001,-4,-0.600003,0
5733333,22.8023,3.8227,9.3,-0.0083335
5766666,20.0863,0.000123977,2.98335,7.45058e-09
5766666,-5.05001,-4,-0.500003,0
5766666,23.1122,3.82011,9.23334,-0.0083335
5800000,20.1858,0.000123977,2.91668,7.45058e-09
5800000,-5.06667,-4,-0.400003,0
5800000,23.42,3.81755,9.16667,-0.0083335
5833333,20.283,0.000123978,2.85001,7.45058e-09
5833333,-5.08001,-4,-0.300003,0
5833333,23.7256,3.815,9.1,-0.0083335
5866666,20.378,0.000123979,2.78335,7.45058e-09
5866666,-5.09001,-4,-0.200003,0
5866666,24.0289,3.81247,9.03334,-0.0083335
5900000,20.4708,0.000123979,2.71668,7.45058e-09
5900000,-5.09667,-4,-0.100003,0
5900000,24.33,3.80996,8.96667,-0.0083335
5933333,20.5613,0.00012398,2.65001,7.45058e-09
5933333,-5.10001,-4,-3.38256e-06,0
5933333,24.6289,3.80747,8.9,-0.0083335
5966666,20.6497,0.000123981,2.58335,7.45058e-09
5966666,-5.10001,-4,0.0999966,0
5966666,24.9255,3.805,8.83334,-0.0083335
6000000,20.7358,0.000123981,2.51668,7.45058e-09
6000000,-5.09667,-4,0.199997,0
6000000,25.2199,3.80255,8.76667,-0.0083335
6033333,20.8197,0.000123982,2.45001,7.45058e-09
6033333,-5.09001,-4,0.299997,0
6033333,25.5122,3.80011,8.7,-0.0083335
6066666,20.9013,0.000123983,2.38335,7.45058e-09
6066666,-5.08001,-4,0.399997,0
6066666,25.8022,3.7977,8.63334,-0.0083335
6100000,20.9808,0.000123983,2.31668,7.45058e-09
6100000,-5.06667,-4,0.499997,0
6100000,26.0899,3.7953,8.56667,-0.0083335
6133333,21.058,0.000123984,2.25001,7.45058e-09
6133333,-5.05001,-4,0.599997,0
6133333,26.3755,3.79292,8.5,-0.0083335
6166666,21.133,0.000123984,2.18335,7.45058e-09
6166666,-5.03001,-4,0.699997,0
6166666,26.6588,3.79056,8.43334,-0.0083335
6200000,21.2058,0.000123985,2.11668,7.45058e-09
6200000,-5.00667,-4,0.799997,0
6200000,26.9399,3.78821,8.36667,-0.0083335
6233333,21.2763,0.000123985,2.05001,7.45058e-09
6233333,-4.98001,-4,0.899997,0
6233333,27.2188,3.78589,8.3,-0.0083335
6266666,21.3447,0.000123986,1.98335,7.45058e-09
6266666,-4.95001,-4,0.999997,0
6266666,27.4954,3.78358,8.23334,-0.0083335
6300000,21.4108,0.000123986,1.91668,7.45058e-09
6300000,-4.91668,-4,1.1,0
6300000,27.7699,3.7813,8.16667,-0.0083335
6333333,21.4747,0.000123987,1.85001,7.45058e-09
6333333,-4.88001,-4,1.2,0
6333333,28.0421,3.77903,8.10001,-0.0083335
6366666,21.5363,0.000123987,1.78335,7.45058e-09
6366666,-4.84001,-4,1.3,0
6366666,28.3121,3.77678,8.03334,-0.0083335
6400000,21.5958,0.000123988,1.71668,7.45058e-09
6400000,-4.79668,-4,1.4,0
6400000,28.5798,3.77455,7.96667,-0.0083335
6433333,21.653,0.000123988,1.65001,7.45058e-09
6433333,-4.75001,-4,1.5,0
6433333,28.8454,3.77233,7.90001,-0.0083335
6466666,21.708,0.000123989,1.58335,7.45058e-09
6466666,-4.70001,-4,1.6,0
6466666,29.1087,3.77014,7.83334,-0.0083335
6500000,21.7608,0.000123989,1.51668,7.45058e-09
6500000,-4.64668,-4,1.7,0
6500000,29.3698,3.76796,7.76667,-0.0083335
6533333,21.8113,0.000123989,1.45001,7.45058e-09
6533333,-4.59001,-4,1.8,0
6533333,29.6287,3.76581,7.70001,-0.0083335
6566666,21.8597,0.00012399,1.38335,7.45058e-09
6566666,-4.53001,-4,1.9,0
6566666,29.8853,3.76367,7.63334,-0.0083335
6600000,21.9058,0.00012399,1.31668,7.45058e-09
6600000,-4.46668,-4,2,0
6600000,30.1398,3.76155,7.56667,-0.0083335
6633333,21.9497,0.00012399,1.25001,7.45058e-09
6633333,-4.40001,-4,2.1,0
6633333,30.392,3.75945,7.50001,-0.0083335
6666666,21.9913,0.000123991,1.18335,7.45058e-09
6666666,-4.33001,-4,2.2,0
6666666,30.642,3.75736,7.43334,-0.0083335
6700000,22.0308,0.000123991,1.11668,7.45058e-09
6700000,-4.25668,-4,2.3,0
6700000,30.8898,3.7553,7.36667,-0.0083335
6733333,22.068,0.000123991,1.05001,7.45058e-09
6733333,-4.18001,-4,2.4,0
6733333,31.1353,3.75325,7.30001,-0.0083335
6766666,22.103,0.000123992,0.983347,7.45058e-09
6766666,-4.10001,-4,2.5,0
6766666,31.3786,3.75122,7.23334,-0.0083335
6800000,22.1358,0.000123992,0.916681,7.45058e-09
6800000,-4.01668,-4,2.6,0
6800000,31.6197,3.74921,7.16667,-0.0083335
6833333,22.1663,0.000123992,0.850014,7.45058e-09
6833333,-3.93001,-4,2.7,0
6833333,31.8586,3.74722,7.10001,-0.0083335
6866666,22.1947,0.000123992,0.783347,7.45058e-09
6866666,-3.84001,-4,2.8,0
6866666,32.0953,3.74525,7.03334,-0.0083335
6900000,22.2208,0.000123992,0.716681,7.45058e-09
6900000,-3.74668,-4,2.9,0
6900000,32.3297,3.7433,6.96667,-0.0083335
6933333,22.2447,0.000123993,0.650014,7.45058e-09
6933333,-3.65001,-4,3,0
6933333,32.5619,3.74136,6.90001,-0.0083335
6966666,22.2663,0.000123993,0.583347,7.45058e-09
6966666,-3.55001,-4,3.1,0
6966666,32.7919,3.73944,6.83334,-0.0083335
7000000,22.2858,0.000123993,0.516681,7.45058e-09
7000000,-3.44668,-4,3.2,0
7000000,33.0197,3.73755,6.76667,-0.0083335
7033333,22.303,0.000123993,0.450014,7.45058e-09
7033333,-3.34001,-4,3.3,0
7033333,33.2452,3.73567,6.70001,-0.0083335
7066666,22.318,0.000123993,0.383348,7.45058e-09
7066666,-3.23001,-4,3.4,0
7066666,33.4686,3.73381,6.63334,-0.0083335
7100000,22.3308,0.000123993,0.316681,7.45058e-09
7100000,-3.11668,-4,3.5,0
7100000,33.6897,3.73196,6.56667,-0.0083335
7133333,22.3413,0.000123993,0.250014,7.45058e-09
7133333,-3.00001,-4,3.6,0
7133333,33.9085,3.73014,6.50001,-0.0083335
7166666,22.3497,0.000123993,0.183348,7.45058e-09
7166666,-2.88001,-4,3.7,0
7166666,34.1252,3.72833,6.43334,-0.0083335
7200000,22.3558,0.000123993,0.116681,7.45058e-09
7200000,-2.75668,-4,3.8,0
7200000,34.3396,3.72655,6.36667,-0.0083335
7233333,22.3597,0.000123993,0.0500142,7.45058e-09
7233333,-2.63001,-4,3.9,0
7233333,34.5519,3.72478,6.30001,-0.0083335
7266666,22.3613,0.000123993,-0.0166525,7.45058e-09
7266666,-2.50001,-4,4,0
7266666,34.7618,3.72303,6.23334,-0.0083335
7300000,22.3608,0.000123993,-0.0833192,7.45058e-09
7300000,-2.36668,-4,4.1,0
7300000,34.9696,3.7213,6.16667,-0.0083335
7333333,22.358,0.000123993,-0.149986,7.45058e-09
7333333,-2.23001,-4,4.2,0
7333333,35.1752,3.71958,6.10001,-0.0083335
7366666,22.353,0.000123993,-0.216652,7.45058e-09
7366666,-2.09001,-4,4.29999,0
7366666,35.3785,3.71789,6.03334,-0.0083335
7400000,22.3458,0.000123993,-0.283319,7.45058e-09
7400000,-1.94668,-4,4.39999,0
7400000,35.5796,3.71621,5.96667,-0.0083335
7433333,22.3363,0.000123993,-0.349986,7.45058e-09
7433333,-1.80001,-4,4.49999,0
7433333,35.7785,3.71456,5.90001,-0.0083335
7466666,22.3247,0.000123993,-0.416652,7.45058e-09
7466666,-1.65001,-4,4.59999,0
7466666,35.9751,3.71292,5.90001,-0.0083335
7500000,22.3108,0.000123993,-0.483319,7.45058e-09
7500000,-1.49668,-4,4.69999,0
7500000,36.1718,3.71128,5.90001,-0.0083335
7533333,22.2947,0.000123993,-0.549986,7.45058e-09
7533333,-1.34001,-4,4.79999,0
7533333,36.3685,3.70964,5.90001,-0.0083335
7566666,22.2763,0.000123993,-0.616652,7.45058e-09
7566666,-1.18001,-4,4.89999,0
7566666,36.5651,3.708,5.90001,-0.0083335
7600000,22.2558,0.000123993,-0.683319,7.45058e-09
7600000,-1.01668,-4,4.99999,0
7600000,36.7618,3.70636,5.90001,-0.0083335
7633333,22.233,0.000123993,-0.749986,7.45058e-09
7633333,-0.850014,-4,5.09999,0
7633333,36.9584,3.70472,5.90001,-0.0083335
7666666,22.208,0.000123992,-0.816652,7.45058e-09
7666666,-0.680014,-4,5.19999,0
7666666,37.1551,3.70308,5.90001,-0.0083335
7700000,22.1808,0.000123992,-0.883319,7.45058e-09
7700000,-0.506681,-4,5.29999,0
7700000,37.3518,3.70144,5.90001,-0.0083335
7733333,22.1513,0.000123992,-0.949986,7.45058e-09
7733333,-0.330014,-4,5.39999,0
7733333,37.5484,3.69981,5.90001,-0.0083335
7766666,22.1197,0.000123992,-1.01665,7.45058e-09
7766666,-0.150014,-4,5.49999,0
7766666,37.7451,3.69817,5.90001,-0.0083335
7800000,22.0858,0.000123991,-1.08332,7.45058e-09
7800000,0.0333187,-4,5.59999,0
7800000,37.9417,3.69653,5.90001,-0.0083335
7833333,22.0497,0.000123991,-1.14999,7.45058e-09
7833333,0.219985,-4,5.69999,0
7833333,38.1384,3.69489,5.90001,-0.0083335
7866666,22.0113,0.000123991,-1.21665,7.45058e-09
7866666,0.409985,-4,5.79999,0
7866666,38.3351,3.69325,5.90001,-0.0083335
7900000,21.9708,0.000123991,-1.28332,7.45058e-09
7900000,0.603318,-4,5.89999,0
7900000,38.5317,3.69161,5.90001,-0.0083335
7933333,21.928,0.00012399,-1.34999,7.45058e-09
7933333,0.799985,-4,5.99999,0
7933333,38.7284,3.68997,5.90001,-0.0083335
7966666,21.883,0.00012399,-1.41665,7.45058e-09
7966666,0.999984,-4,5.99999,0
7966666,38.925,3.68833,5.90001,-0.0083335
8000000,21.8358,0.00012399,-1.48332,7.45058e-09
8000000,1.19998,-4,5.99999,0
8000000,39.1217,3.68669,5.90001,-0.0083335
8033333,21.7863,0.000123989,-1.54999,7.45058e-09
8033333,1.39998,-4,5.99999,0
8033333,39.3184,3.68506,5.90001,-0.0083335
8066666,21.7347,0.000123989,-1.61665,7.45058e-09
8066666,1.59998,-4,5.99999,0
8066666,39.515,3.68342,5.90001,-0.0083335
8100000,21.6808,0.000123988,-1.68332,7.45058e-09
8100000,1.79998,-4,5.99999,0
8100000,39.7117,3.68178,5.90001,-0.0083335
8133333,21.6247,0.000123988,-1.74999,7.45058e-09
8133333,1.99998,-4,5.99999,0
8133333,39.9083,3.68014,5.90001,-0.0083335
8166666,21.5664,0.000123988,-1.81665,7.45058e-09
8166666,2.19998,-4,5.99999,0
8166666,40.105,3.6785,5.90001,-0.0083335
8200000,21.5058,0.000123987,-1.88332,7.45058e-09
8200000,2.39998,-4,5.99999,0
8200000,40.3017,3.67686,5.90001,-0.0083335
8233333,21.443,0.000123987,-1.94999,7.45058e-09
8233333,2.59998,-4,5.99999,0
8233333,40.4983,3.67522,5.90001,-0.0083335
8266666,21.378,0.000123986,-2.01665,7.45058e-09
8266666,2.79998,-4,5.99999,0
8266666,40.695,3.67358,5.90001,-0.0083335
8300000,21.3108,0.000123986,-2.08332,7.45058e-09
8300000,2.99998,-4,5.99999,0
8300000,40.8916,3.67194,5.90001,-0.0083335
8333333,21.2414,0.000123985,-2.14999,7.45058e-09
8333333,3.19998,-4,5.99999,0
8333333,41.0883,3.67031,5.90001,-0.0083335
8366666,21.1697,0.000123985,-2.21665,7.45058e-09
8366666,3.39998,-4,5.99999,0
8366666,41.285,3.66867,5.90001,-0.0083335
8400000,21.0958,0.000123984,-2.28332,7.45058e-09
8400000,3.59998,-4,5.99999,0
8400000,41.4816,3.66703,5.90001,-0.0083335
8433333,21.0197,0.000123983,-2.34999,7.45058e-09
8433333,3.79998,-4,5.99999,0
8433333,41.6783,3.66539,5.90001,-0.0083335
8466666,20.9414,0.000123983,-2.41665,7.45058e-09
8466666,3.99998,-4,5.99999,0
8466666,41.8749,3.66375,5.90001,-0.0083335
8500000,20.8608,0.000123982,-2.48332,7.45058e-09
8500000,4.19998,-4,5.99999,0
8500000,42.0716,3.66211,5.90001,-0.0083335
8533333,20.778,0.000123982,-2.54999,7.45058e-09
8533333,4.39998,-4,5.99999,0
8533333,42.2683,3.66047,5.90001,-0.0083335
8566666,20.693,0.000123981,-2.61665,7.45058e-09
8566666,4.59998,-4,5.99999,0
8566666,42.4649,3.65883,5.90001,-0.0083335
8600000,20.6058,0.00012398,-2.68332,7.45058e-09
8600000,4.79998,-4,5.99999,0
8600000,42.6616,3.65719,5.90001,-0.0083335
8633333,20.5164,0.00012398,-2.74999,7.45058e-09
8633333,4.99998,-4,5.99999,0
8633333,42.8582,3.65556,5.90001,-0.0083335
8666666,20.4247,0.000123979,-2.81665,7.45058e-09
8666666,5.19998,-4,5.99999,0
8666666,43.0549,3.65392,5.90001,-0.0083335
8700000,20.3308,0.000123978,-2.88332,7.45058e-09
8700000,5.39998,-4,5.99999,0
8700000,43.2516,3.65228,5.90001,-0.0083335
8733333,20.2347,0.000123978,-2.94999,7.45058e-09
8733333,5.59998,-4,5.99999,0
8733333,43.4482,3.65064,5.90001,-0.0083335
8766666,20.1364,0.000123977,-3.01665,7.45058e-09
8766666,5.79998,-4,5.99999,0
8766666,43.6449,3.649,5.90001,-0.0083335
8800000,20.0358,0.000123976,-3.08332,7.45058e-09
8800000,5.99998,-4,5.99999,0
8800000,43.8415,3.64736,5.90001,-0.0083335
8833333,19.933,0.000123975,-3.14999,7.45058e-09
8833333,6.19998,-4,5.99999,0
8833333,44.0382,3.64572,5.90001,-0.0083335
8866666,19.828,0.000123975,-3.21665,7.45058e-09
8866666,6.39998,-4,5.99999,0
8866666,44.2349,3.64408,5.90001,-0.0083335
8900000,19.7208,0.000123974,-3.28332,7.45058e-09
8900000,6.59998,-4,5.99999,0
8900000,44.4315,3.64244,5.90001,-0.0083335
8933333,19.6114,0.000123973,-3.34999,7.45058e-09
8933333,6.79998,-4,5.99999,0
8933333,44.6282,3.6408,5.90001,-0.0083335
8966666,19.4997,0.000123972,-3.41665,7.45058e-09
8966666,6.99998,-4,5.99999,0
8966666,44.8248,3.63917,5.90001,-0.0083335
9000000,19.3858,0.000123971,-3.48332,7.45058e-09
9000000,7.19998,-4,5.99999,0
9000000,45.0215,3.63753,5.90001,-0.0083335
9033333,19.2697,0.00012397,-3.54999,7.45058e-09
9033333,7.39998,-4,5.99999,0
9033333,45.2182,3.63589,5.90001,-0.0083335
9066666,19.1514,0.00012397,-3.61665,7.45058e-09
9066666,7.59998,-4,5.99999,0
9066666,45.4148,3.63425,5.90001,-0.0083335
9100000,19.0308,0.000123969,-3.68332,7.45058e-09
9100000,7.79998,-4,5.99999,0
9100000,45.6115,3.63261,5.90001,-0.0083335
9133333,18.908,0.000123968,-3.74998,7.45058e-09
9133333,7.99998,-4,5.99999,0
9133333,45.8081,3.63097,5.90001,-0.0083335
9166666,18.783,0.000123967,-3.81665,7.45058e-09
9166666,8.19998,-4,5.99999,0
9166666,46.0048,3.62933,5.90001,-0.0083335
9200000,18.6558,0.000123966,-3.88332,7.45058e-09
9200000,8.39998,-4,5.99999,0
9200000,46.2015,3.62769,5.90001,-0.0083335
9233333,18.5264,0.000123965,-3.94998,7.45058e-09
9233333,8.59998,-4,5.99999,0
9233333,46.3981,3.62605,5.90001,-0.0083335
9266666,18.3947,0.000123964,-4.01665,7.45058e-09
9266666,8.79998,-4,5.99999,0
9266666,46.5948,3.62442,5.90001,-0.0083335
9300000,18.2608,0.000123963,-4.08332,7.45058e-09
9300000,8.99998,-4,5.99999,0
9300000,46.7914,3.62278,5.90001,-0.0083335
9333333,18.1247,0.000123962,-4.14998,7.45058e-09
9333333,9.19998,-4,5.99999,0
9333333,46.9881,3.62114,5.90001,-0.0083335
9366666,17.9864,0.000123961,-4.21665,7.45058e-09
9366666,9.39998,-4,5.99999,0
9366666,47.1848,3.6195,5.90001,-0.0083335
9400000,17.8458,0.00012396,-4.28332,7.45058e-09
9400000,9.59998,-4,5.99999,0
9400000,47.3814,3.61786,5.90001,-0.0083335
9433333,17.703,0.000123959,-4.34998,7.45058e-09
9433333,9.79998,-4,5.99999,0
9433333,47.5781,3.61622,5.90001,-0.0083335
9466666,17.558,0.000123958,-4.41665,7.45058e-09
9466666,9.99998,-4,5.99999,0
9466666,47.7747,3.61458,5.90001,-0.0083335
9500000,17.4108,0.000123957,-4.48332,7.45058e-09
9500000,10.2,-4,5.99999,0
9500000,47.9714,3.61294,5.90001,-0.0083335
9533333,17.2614,0.000123955,-4.54998,7.45058e-09
9533333,10.4,-4,5.99999,0
9533333,48.1681,3.6113,5.90001,-0.0083335
9566666,17.1097,0.000123954,-4.61665,7.45058e-09
9566666,10.6,-4,5.99999,0
9566666,48.3647,3.60967,5.90001,-0.0083335
9600000,16.9558,0.000123953,-4.68332,7.45058e-09
9600000,10.8,-4,5.99999,0
9600000,48.5614,3.60803,5.90001,-0.0083335
9633333,16.7997,0.000123952,-4.74998,7.45058e-09
9633333,11,-4,5.99999,0
9633333,48.758,3.60639,5.90001,-0.0083335
9666666,16.6414,0.000123951,-4.81665,7.45058e-09
9666666,11.2,-4,5.99999,0
9666666,48.9547,3.60475,5.90001,-0.0083335
9700000,16.4808,0.00012395,-4.88332,7.45058e-09
9700000,11.4,-4,5.99999,0
9700000,49.1514,3.60311,5.90001,-0.0083335
9733333,16.318,0.000123948,-4.94998,7.45058e-09
9733333,11.6,-4,5.99999,0
9733333,49.348,3.60147,5.90001,-0.0083335
9766666,16.153,0.000123947,-5.01665,7.45058e-09
9766666,11.8,-4,5.99999,0
9766666,49.5447,3.59983,5.90001,-0.0083335
9800000,15.9858,0.000123946,-5.08332,7.45058e-09
9800000,12,-4,5.99999,0
9800000,49.7413,3.59819,5.90001,-0.0083335
9833333,15.8164,0.000123945,-5.14998,7.45058e-09
9833333,12.2,-4,5.99999,0
9833333,49.938,3.59655,5.90001,-0.0083335
9866666,15.6447,0.000123943,-5.21665,7.45058e-09
9866666,12.4,-4,5.99999,0
9866666,50.1347,3.59492,5.90001,-0.0083335
9900000,15.4708,0.000123942,-5.28332,7.45058e-09
9900000,12.6,-4,5.99999,0
9900000,50.3313,3.59328,5.90001,-0.0083335
9933333,15.2947,0.000123941,-5.34998,7.45058e-09
9933333,12.8,-4,5.99999,0
9933333,50.528,3.59164,5.90001,-0.0083335
