Time, radar measured  rho, radar measured phi, radar measured rho_dot 
0,10.609,2.76078,-4.53582
0,25.1137,-0.154389,-5.82779
0,11.9599,-3.13607,-0.904339
33333,10.6553,2.78288,-4.34264
33333,25.1168,-0.127559,-5.64478
33333,12.127,-3.10796,-0.722559
66666,10.7712,2.74939,-4.17317
66666,25.1892,-0.156172,-5.48596
66666,12.3635,-3.13528,-0.564996
100000,10.1504,2.7397,-4.6726
100000,24.5244,-0.160806,-5.99656
100000,11.8627,-3.13859,-1.07688
133333,9.96248,2.73749,-4.69213
133333,24.2921,-0.157798,-6.02779
133333,11.7944,-3.13424,-1.10943
166666,9.45642,2.71231,-4.44335
166666,23.7414,-0.17757,-5.79131
166666,11.4076,3.13053,-0.874296
200000,9.69796,2.68302,-4.04275
200000,23.9377,-0.201264,-5.40361
200000,11.7678,3.10822,-0.487982
233333,9.59903,2.72999,-4.38784
233333,23.7932,-0.1485,-5.76226
233333,11.7872,-3.12079,-0.848045
266666,10.0345,2.6715,-4.78127
266666,24.1826,-0.200989,-6.16994
266666,12.3403,3.11134,-1.25718
300000,9.15455,2.71437,-4.49259
300000,23.2562,-0.151889,-5.89624
300000,11.5776,-3.12129,-0.984971
333333,8.65032,2.71818,-4.18106
333333,22.7049,-0.141636,-5.60049
333333,11.19,-3.10956,-0.690749
366666,8.74579,2.66309,-4.82948
366666,22.7528,-0.190033,-6.26552
366666,11.4015,3.12674,-1.35735
400000,8.80121,2.68884,-4.37736
400000,22.76,-0.157337,-5.8309
400000,11.5724,-3.12222,-0.924332
433333,8.79541,2.59178,-4.76887
433333,22.7055,-0.247188,-6.24086
433333,11.6813,3.07267,-1.33594
466666,8.30619,2.62815,-3.88171
466666,22.1669,-0.203341,-5.37316
466666,11.3062,3.11811,-0.469941
500000,8.06295,2.64003,-4.48898
500000,21.8736,-0.18368,-5.98634
500000,11.1763,3.13938,-1.15138
533333,8.03136,2.65696,-4.37387
533333,21.7917,-0.158643,-5.87854
533333,11.2556,-3.11718,-1.11151
566666,7.86617,2.63408,-4.11248
566666,21.576,-0.173047,-5.62597
566666,11.1987,-3.13002,-0.926395
600000,8.27062,2.62249,-4.59328
600000,21.9296,-0.175783,-6.11719
600000,11.7089,-3.13124,-1.48445
633333,7.81839,2.65483,-4.64215
633333,21.4261,-0.134199,-6.17822
633333,11.3599,-3.0882,-1.6115
666666,8.30548,2.61284,-4.18501
666666,21.8615,-0.166511,-5.73512
666666,11.9475,-3.11912,-1.2334
700000,7.45971,2.6271,-4.06411
700000,20.9636,-0.142131,-5.63029
700000,11.1996,-3.09343,-1.19231
733333,7.07598,2.5688,-4.49512
733333,20.5271,-0.189837,-6.07956
733333,10.911,-3.13992,-1.70379
766666,7.22686,2.56296,-4.36888
766666,20.6246,-0.184576,-5.97395
766666,11.1543,-3.13355,-1.65856
800000,7.01065,2.5783,-4.35305
800000,20.3543,-0.157615,-5.98129
800000,11.0278,-3.10561,-1.72414
833333,7.32252,2.52486,-4.09178
833333,20.6112,-0.198859,-5.74598
833333,11.4266,3.13717,-1.54453
866666,6.57593,2.49047,-4.34701
866666,19.8088,-0.220455,-6.03017
866666,10.7642,3.11626,-1.88148
900000,6.90988,2.47949,-3.74964
900000,20.0859,-0.218018,-5.465
900000,11.1796,3.11919,-1.3657
933333,6.68814,2.49394,-4.55843
933333,19.8062,-0.189479,-6.3095
933333,11.0365,-3.13515,-2.25574
966666,6.80409,2.44524,-4.35504
966666,19.8629,-0.223375,-6.14564
966666,11.2283,3.11423,-2.13303
1000000,6.45264,2.40893,-3.53527
1000000,19.4508,-0.244136,-5.36952
1000000,10.95,3.09331,-1.43525
1033333,6.17056,2.41401,-3.75842
1033333,19.1066,-0.222709,-5.6408
1033333,10.7369,3.11451,-1.7847
1066666,5.81127,2.39594,-3.84293
1066666,18.6835,-0.223594,-5.77827
1066666,10.4423,3.11331,-2.00015
1100000,6.20411,2.39253,-4.13123
1100000,19.0107,-0.208929,-6.12477
1100000,10.8954,3.12757,-2.42444
1133333,5.60646,2.35155,-3.59604
1133333,18.3453,-0.230891,-5.65344
1133333,10.3534,3.10512,-2.03067
1166666,5.60083,2.34867,-3.98124
1166666,18.2698,-0.213771,-6.10862
1166666,10.3986,3.12166,-2.56318
1200000,4.86005,2.33683,-3.85349
1200000,17.4566,-0.20457,-6.05744
1200000,9.70359,3.13018,-2.58908
1233333,5.36907,2.36281,-3.09664
1233333,17.8906,-0.156464,-5.38426
1233333,10.2532,-3.10567,-1.99269
1266666,5.99945,2.25399,-3.03876
1266666,18.4431,-0.242007,-5.41767
1266666,10.9187,3.09109,-2.1026
1300000,4.55959,2.18993,-3.0321
1300000,16.9221,-0.281596,-5.51046
1300000,9.50824,3.05051,-2.27157
1333333,5.4432,2.18004,-3.52929
1333333,17.7211,-0.265773,-6.11581
1333333,10.4153,3.06523,-2.95275
1366666,4.92293,2.21612,-2.99232
1366666,17.1126,-0.202696,-5.69625
1366666,9.91213,3.12709,-2.60864
1400000,5.09437,2.16034,-3.03468
1400000,17.1916,-0.230157,-5.86581
1400000,10.0941,3.09828,-2.85324
1433333,4.99914,2.08545,-3.02364
1433333,16.9996,-0.275357,-5.99225
1433333,10.0026,3.05161,-3.05428
1466666,4.31602,2.0931,-2.46631
1466666,16.215,-0.236647,-5.58315
1466666,9.31587,3.0887,-2.71929
1500000,4.88445,2.06254,-3.2748
1500000,16.6767,-0.234748,-6.55098
1500000,9.87315,3.08884,-3.76072
1533333,3.771,2.01652,-1.93766
1533333,15.4511,-0.24691,-5.3846
1533333,8.7406,3.07477,-2.66736
1566666,4.58155,1.93734,-2.26446
1566666,16.1437,-0.290865,-5.89373
1566666,9.52375,3.02874,-3.24891
1600000,4.05939,1.98848,-1.93923
1600000,15.4972,-0.203153,-5.7624
1600000,8.96553,3.11421,-3.18933
1633333,4.21262,1.87554,-2.08382
1633333,15.5195,-0.278232,-6.11232
1633333,9.07367,3.03671,-3.61028
1666666,4.61934,1.85255,-1.77702
1666666,15.7883,-0.262163,-6.02188
1666666,9.42593,3.05017,-3.59008
1700000,4.10747,1.83917,-1.53864
1700000,15.1311,-0.235372,-6.01031
1700000,8.84988,3.07414,-3.64788
1733333,4.46358,1.73879,-1.07041
1733333,15.3342,-0.294594,-5.77852
1733333,9.1318,3.01189,-3.48453
1766666,4.04951,1.7305,-0.760177
1766666,14.7591,-0.260903,-5.71325
1766666,8.63326,3.04231,-3.48669
1800000,3.61947,1.71047,-0.688952
1800000,14.1597,-0.238298,-5.89425
1800000,8.10824,3.06141,-3.734
1833333,3.84834,1.65238,-0.267577
1833333,14.2108,-0.253269,-5.73085
1833333,8.23143,3.04267,-3.63569
1866666,3.7713,1.62145,-0.598832
1866666,13.9473,-0.240814,-6.32416
1866666,8.03792,3.05108,-4.29277
1900000,3.70846,1.47556,-0.0546124
1900000,13.6892,-0.343264,-6.0443
1900000,7.84772,2.94429,-4.07521
1933333,4.07913,1.53079,0.793275
1933333,13.8558,-0.244754,-5.46123
1933333,8.08016,3.03814,-3.55284
1966666,4.31007,1.46215,1.05858
1966666,13.8739,-0.270505,-5.45936
1966666,8.16208,3.00739,-3.6099
2000000,3.5419,1.35288,1.19684
2000000,12.8842,-0.337468,-5.58137
2000000,7.23423,2.93506,-3.78891
2033333,3.81528,1.33064,1.32397
2033333,12.9274,-0.318184,-5.70967
2033333,7.33747,2.94859,-3.97208
2066666,4.01384,1.27019,1.52412
2066666,12.8874,-0.338091,-5.75862
2066666,7.35569,2.9225,-4.07356
2100000,3.96003,1.21084,1.95131
2100000,12.5869,-0.35803,-5.57289
2100000,7.11166,2.89593,-3.93776
2133333,4.09531,1.22435,1.9541
2133333,12.4675,-0.306382,-5.80283
2133333,7.0472,2.94045,-4.21476
2166666,3.96993,1.13529,2.01318
2166666,12.0799,-0.358693,-5.96689
2166666,6.71296,2.88049,-4.42271
2200000,4.30321,1.13782,2.27024
2200000,12.1437,-0.320905,-5.81211
2200000,6.8287,2.91006,-4.3083
2233333,4.51935,1.0812,2.4859
2233333,12.0872,-0.343548,-5.69127
2233333,6.82275,2.87859,-4.22394
2266666,4.87081,1.04857,2.80041
2266666,12.1628,-0.343472,-5.46433
2266666,6.94793,2.86917,-4.02914
2300000,4.58864,1.03273,2.32418
2300000,11.6021,-0.327865,-6.02106
2300000,6.4357,2.87457,-4.6132
2333333,4.58757,1.01922,2.96359
2333333,11.32,-0.311167,-5.45529
2333333,6.20119,2.88029,-4.06941
2366666,4.74306,0.945121,2.75578
2366666,11.192,-0.356281,-5.73015
2366666,6.12024,2.82335,-4.36027
2400000,4.41056,0.959236,3.42301
2400000,10.574,-0.314379,-5.1236
2400000,5.54875,2.85252,-3.76306
2433333,4.89085,0.86312,3.15139
2433333,10.7668,-0.383883,-5.44977
2433333,5.78794,2.76931,-4.09115
2466666,4.6878,0.769889,3.62547
2466666,10.2746,-0.451651,-5.02435
2466666,5.34213,2.68677,-3.65936
2500000,5.69742,0.758379,3.72444
2500000,10.9936,-0.438822,-4.96836
2500000,6.10782,2.68368,-3.58776
2533333,5.39578,0.785038,2.81491
2533333,10.4,-0.388925,-5.91541
2533333,5.56159,2.71643,-4.50889
2566666,5.21151,0.748106,3.01748
2566666,9.92254,-0.403695,-5.7451
2566666,5.13261,2.68317,-4.30116
2600000,5.73789,0.732966,3.65289
2600000,10.1548,-0.397729,-5.13688
2600000,5.41471,2.66921,-3.64273
2633333,5.80632,0.648975,3.9
2633333,9.92829,-0.461648,-4.91204
2633333,5.23994,2.58382,-3.35345
2666666,5.63017,0.697535,2.4491
2666666,9.45654,-0.394032,-6.38046
2666666,4.8223,2.62833,-4.74168
2700000,6.02269,0.626772,3.51272
2700000,9.55296,-0.446738,-5.32972
2700000,4.97577,2.55076,-3.59336
2733333,6.1981,0.62769,3.05578
2733333,9.43193,-0.428748,-5.795
2733333,4.91529,2.54203,-3.94196
2766666,5.86124,0.60274,4.32627
2766666,8.79844,-0.4376,-4.52842
2766666,4.34655,2.50453,-2.53782
2800000,6.85331,0.567125,4.29179
2800000,9.49382,-0.458081,-4.56245
2800000,5.1116,2.45337,-2.41167
2833333,6.51202,0.55087,3.48935
2833333,8.85594,-0.460159,-5.36011
2833333,4.54906,2.41854,-3.02488
2866666,6.93736,0.513369,3.32625
2866666,8.98493,-0.484436,-5.51414
2866666,4.75992,2.35941,-2.96872
2900000,6.49618,0.439445,3.56909
2900000,8.24777,-0.546088,-5.25794
2900000,4.11202,2.2608,-2.47543
2933333,6.51697,0.414355,3.25245
2933333,7.97309,-0.559859,-5.55692
2933333,3.93491,2.20805,-2.50971
2966666,6.57765,0.404466,3.4951
2966666,7.73898,-0.559388,-5.29226
2966666,3.80757,2.16763,-1.95265
3000000,6.9664,0.444698,3.03092
3000000,7.83375,-0.509761,-5.73001
3000000,4.01925,2.17462,-2.07096
3033333,7.05543,0.377133,4.38136
3033333,7.62975,-0.568908,-4.34865
3033333,3.94315,2.07136,-0.344655
3066666,7.32608,0.369416,3.29666
3066666,7.60849,-0.569197,-5.39783
3066666,4.06161,2.02579,-1.02591
3100000,7.39534,0.39692,4.13045
3100000,7.3871,-0.535272,-4.52375
3100000,3.99245,2.01368,0.235583
3133333,7.81068,0.32162,3.52996
3133333,7.51321,-0.60518,-5.07903
3133333,4.28389,1.89743,0.0827882
3166666,7.73864,0.356641,3.87384
3166666,7.15354,-0.565819,-4.68483
3166666,4.10306,1.89063,0.889412
3200000,7.80809,0.307865,3.8835
3200000,6.93713,-0.611334,-4.61949
3200000,4.07924,1.79967,0.425705
3233333,8.33693,0.294533,4.0558
3233333,7.18205,-0.622514,-4.38591
3233333,4.49907,1.74384,0.125449
3266666,7.1377,0.234179,3.81533
3266666,5.70105,-0.68186,-4.5592
3266666,3.17511,1.64069,-0.584963
3300000,8.67041,0.229312,3.98739
3300000,6.95431,-0.6869,-4.49027
3300000,4.56739,1.59275,-0.126109
3333333,8.62524,0.234415,4.2316
3333333,6.62647,-0.683791,-4.33452
3333333,4.39169,1.55302,0.430415
3366666,8.43878,0.210071,3.33558
3366666,6.15459,-0.712,-5.30404
3366666,4.08534,1.4826,-0.133384
3400000,8.43399,0.200973,4.32143
3400000,5.86213,-0.726886,-4.37642
3400000,3.97185,1.42669,1.19855
3433333,8.29235,0.165714,4.67174
3433333,5.43109,-0.769904,-4.06882
3433333,3.73309,1.34439,1.90267
3466666,8.8207,0.212534,4.49555
3466666,5.66883,-0.732862,-4.2719
3466666,4.17605,1.34444,2.08218
3500000,8.97753,0.135498,4.64164
3500000,5.53437,-0.82174,-4.13658
3500000,4.25917,1.22134,2.58057
3533333,8.93496,0.131032,4.70794
3533333,5.20038,-0.840153,-4.06465
3533333,4.15441,1.17191,2.99131
3566666,9.88882,0.093777,4.57634
3566666,5.86323,-0.893501,-4.17389
3566666,5.05727,1.09108,3.19274
3600000,8.93037,0.079947,5.62182
3600000,4.61475,-0.925606,-3.08901
3600000,4.05859,1.03531,4.55726
3633333,9.47406,0.0811962,5.38654
3633333,4.86996,-0.944846,-3.26754
3633333,4.57233,0.99642,4.62533
3666666,9.86532,0.0872084,5.55419
3666666,4.97488,-0.961561,-3.02549
3666666,4.94338,0.964187,5.07977
3700000,9.83527,-0.00756779,5.14375
3700000,4.66122,-1.08132,-3.34364
3700000,4.90231,0.833104,4.93933
3733333,10.1208,0.0631129,5.10805
3733333,4.66646,-1.03788,-3.26895
3733333,5.18544,0.869413,5.15716
3766666,9.94356,0.0139834,5.40867
3766666,4.21288,-1.1165,-2.83975
3766666,5.01392,0.787808,5.69549
3800000,10.4566,0.031745,5.23979
3800000,4.45407,-1.13045,-2.86187
3800000,5.54023,0.774924,5.74943
3833333,10.9429,0.046434,5.74979
3833333,4.6738,-1.14966,-2.1871
3833333,6.04704,0.760713,6.46849
3866666,10.6816,0.0150745,5.29343
3866666,4.15153,-1.21702,-2.46105
3866666,5.81279,0.702102,6.20856
3900000,10.8881,0.0120217,5.7326
3900000,4.10342,-1.2581,-1.82244
3900000,6.05267,0.673342,6.83273
3933333,10.9746,0.00517313,6.25843
3933333,3.94217,-1.30488,-1.08098
3933333,6.17846,0.642225,7.5333
3966666,11.5335,0.012401,5.2705
3966666,4.26082,-1.33933,-1.83823
3966666,6.78236,0.626519,6.71094
4000000,11.7202,0.0280282,5.98614
4000000,4.21504,-1.36696,-0.858678
4000000,7.01926,0.620443,7.584
4033333,12.3383,0.036284,5.48494
4033333,4.6095,-1.40252,-1.09827
4033333,7.69267,0.608128,7.23306
4066666,12.2692,-0.0107142,5.38813
4066666,4.32539,-1.49364,-0.938056
4066666,7.68367,0.541599,7.2802
4100000,11.8002,-0.00576111,5.94061
4100000,3.64998,-1.53286,-0.135313
4100000,7.27953,0.527975,7.97111
4133333,12.3044,0.0463089,5.72557
4133333,3.95591,-1.52477,-0.108782
4133333,7.85296,0.562339,7.88969
4166666,12.4635,0.021156,5.81449
4166666,3.92476,-1.59349,0.211306
4166666,8.08572,0.520278,8.10805
4200000,12.2278,0.0151633,5.83295
4200000,3.50624,-1.64243,0.449107
4200000,7.92778,0.498105,8.25233
4233333,12.4808,0.0123899,6.04498
4233333,3.58362,-1.68735,0.867578
4233333,8.26268,0.479816,8.58707
4266666,13.5199,-0.0014935,5.59156
4266666,4.45379,-1.74243,0.606904
4266666,9.38769,0.451024,8.25368
4300000,13.0866,-0.0677346,6.05117
4300000,3.8578,-1.84878,1.24511
4300000,9.04423,0.370428,8.83104
4333333,13.584,-0.0293842,5.84128
4333333,4.19813,-1.84937,1.19946
4333333,9.6352,0.39493,8.73695
4366666,13.6209,-0.0257837,5.8566
4366666,4.08337,-1.88345,1.36473
4366666,9.76961,0.385144,8.86644
4400000,14.0401,-0.0722614,5.37146
4400000,4.35566,-1.96632,1.08107
4400000,10.29,0.325701,8.55965
4433333,14.4243,-0.0567093,5.66402
4433333,4.59936,-1.98555,1.55936
4433333,10.7812,0.328944,9.02727
4466666,14.3576,0.0329639,5.33045
4466666,4.3983,-1.92908,1.39643
4466666,10.8274,0.406919,8.86576
4500000,14.2475,-0.0144858,6.18013
4500000,4.15919,-2.00815,2.4024
4500000,10.8358,0.348341,9.82264
4533333,14.7924,0.00388165,5.23463
4533333,4.58022,-2.01985,1.59962
4533333,11.5028,0.356182,8.98109
4566666,14.6009,0.0102965,5.13893
4566666,4.2694,-2.04199,1.63392
4566666,11.4368,0.352628,8.98642
4600000,14.983,-0.0172412,5.26146
4600000,4.53634,-2.09663,1.87458
4600000,11.9476,0.315636,9.20736
4633333,15.1948,-0.0312135,5.52115
4633333,4.63677,-2.13629,2.24133
4633333,12.2914,0.292687,9.56308
4666666,15.5489,-0.0461087,5.43207
4666666,4.8829,-2.17551,2.24906
4666666,12.7807,0.269259,9.56788
4700000,15.9193,0.0115782,4.70749
4700000,5.1485,-2.14086,1.61181
4700000,13.2894,0.318827,8.93522
4733333,15.7374,0.0296064,5.62962
4733333,4.86457,-2.14462,2.61254
4733333,13.2488,0.32912,9.9475
4766666,16.1205,-0.00392091,5.34856
4766666,5.14811,-2.19875,2.40205
4766666,13.7762,0.288217,9.75498
4800000,15.9787,-0.0098281,4.91965
4800000,4.90906,-2.22413,2.03631
4800000,13.7816,0.275269,9.41313
4833333,16.2364,-0.032548,5.1682
4833333,5.07152,-2.26526,2.34124
4833333,14.1895,0.245822,9.74739
4866666,16.254,-0.0113709,4.9032
4866666,4.9957,-2.26147,2.12641
4866666,14.36,0.260566,9.56688
4900000,16.058,-0.00923058,4.71099
4900000,4.70782,-2.27576,1.97865
4900000,14.3197,0.256548,9.45802
4933333,16.4544,0.039094,4.52449
4933333,5.01378,-2.24294,1.83138
4933333,14.8746,0.298972,9.35383
4966666,16.521,0.00929824,5.04622
4966666,4.9912,-2.28737,2.38756
4966666,15.1025,0.26352,9.95692
5000000,17.0189,-0.0107957,5.0475
5000000,5.40097,-2.32128,2.41891
5000000,15.7643,0.237997,10.0387
5033333,17.6143,0.0188043,5.11369
5033333,5.90921,-2.30471,2.51114
5033333,16.5263,0.262384,10.1845
5066666,16.9791,0.00327811,4.60458
5066666,5.18771,-2.33252,2.02441
5066666,16.0603,0.241847,9.75433
5100000,16.9675,-0.0383083,4.07853
5100000,5.09045,-2.38568,1.51737
5100000,16.2206,0.195442,9.30649
5133333,17.8868,-0.029302,4.69944
5133333,5.92468,-2.38758,2.15421
5133333,17.3143,0.199811,10.005
5166666,18.0088,-0.00333719,4.21817
5166666,5.96217,-2.37188,1.68603
5166666,17.6133,0.221309,9.60067
5200000,17.8846,-0.0249979,3.45253
5200000,5.75383,-2.4032,0.930918
5200000,17.6687,0.195344,8.91145
5233333,17.9306,-0.0570886,4.10441
5233333,5.71606,-2.44437,1.59096
5233333,17.8969,0.159102,9.63923
5266666,18.2966,0.0746707,4.03292
5266666,5.99846,-2.32113,1.52545
5266666,18.4475,0.286856,9.64315
5300000,18.5647,0.0460911,3.92138
5300000,6.18317,-2.35769,1.41792
5300000,18.9027,0.254409,9.60659
5333333,18.3514,0.0150509,3.33367
5333333,5.88661,-2.39621,0.8324
5333333,18.8791,0.219633,9.09343
5366666,18.2351,-0.00286709,3.95984
5366666,5.68707,-2.42112,1.45911
5366666,18.9549,0.198104,9.79376
5400000,18.9018,0.0123556,3.38061
5400000,6.27055,-2.41242,0.878897
5400000,19.8162,0.209835,9.28832
5433333,18.775,0.0616578,3.96694
5433333,6.06044,-2.36919,1.46286
5433333,19.8864,0.255758,9.94809
5466666,19.2219,0.0430565,3.838
5466666,6.42396,-2.39343,1.3303
5466666,20.5328,0.233885,9.89228
5500000,19.4239,-0.00954021,3.67762
5500000,6.54242,-2.45125,1.16515
5500000,20.9366,0.178119,9.73934
5533333,18.9837,0.00806774,3.8257
5533333,6.01855,-2.43845,1.30743
5533333,20.6986,0.192677,9.89445
5566666,19.0719,0.0129284,3.71298
5566666,6.02288,-2.43801,1.18796
5566666,20.9892,0.194599,9.78839
5600000,19.5801,-0.0256156,3.61797
5600000,6.44701,-2.48059,1.08536
5600000,21.7,0.153223,9.6997
5633333,19.7216,0.0333603,3.52712
5633333,6.50413,-2.42528,0.986158
5633333,22.0443,0.209468,9.61484
5666666,19.5333,0.0373379,3.31786
5666666,6.23119,-2.42461,0.767861
5666666,22.0591,0.21081,9.41127
5700000,19.3722,-0.0626434,2.96875
5700000,5.98506,-2.52755,0.409123
5700000,22.1011,0.108284,9.06757
5733333,19.6347,0.0310719,3.0058
5733333,6.16227,-2.43644,0.436016
5733333,22.567,0.199542,9.10976
5766666,19.8685,0.0167951,2.82363
5766666,6.31047,-2.45298,0.243233
5766666,23.0043,0.18289,8.93249
5800000,19.7674,-0.0168686,3.09295
5800000,6.12329,-2.48858,0.501548
5800000,23.1069,0.146929,9.20648
5833333,20.5735,0.0194833,3.38369
5833333,6.8431,-2.45383,0.780968
5833333,24.1169,0.18106,9.50167
5866666,20.3418,0.0141145,2.45575
5866666,6.52465,-2.46047,-0.158558
5866666,24.0892,0.173541,8.57798
5900000,20.4734,0.0186968,2.521
5900000,6.56906,-2.45685,-0.105096
5900000,24.4249,0.176041,8.64728
5933333,20.5474,0.0479775,2.57663
5933333,6.55554,-2.4282,-0.0613784
5933333,24.7031,0.203305,8.7068
5966666,20.0809,0.0324179,2.74605
5966666,6.00112,-2.44408,0.0960413
5966666,24.441,0.185792,8.87992
6000000,20.4927,-0.0204776,2.46177
6000000,6.32456,-2.49697,-0.200265
6000000,25.0573,0.131002,8.59918
6033333,20.6228,-0.0170024,2.52842
6033333,6.36589,-2.49318,-0.145586
6033333,25.392,0.13264,8.66924
6066666,20.3508,0.0184889,2.49785
6066666,6.00477,-2.45705,-0.18804
6066666,25.3247,0.166349,8.64192
6100000,20.2681,-0.0190019,2.38773
6100000,5.83259,-2.49359,-0.309881
6100000,25.4469,0.127128,8.53493
6133333,20.7053,-0.00816525,2.03886
6133333,6.17981,-2.48148,-0.670258
6133333,26.089,0.136285,8.18905
6166666,21.0073,0.00469952,1.98389
6166666,6.39158,-2.46701,-0.736459
6166666,26.5961,0.147519,8.13695
6200000,21.2385,0.0416999,2.47069
6200000,6.53206,-2.42807,-0.260538
6200000,27.0324,0.182935,8.62652
6233333,20.7878,-0.0585294,2.22111
6233333,5.99035,-2.52604,-0.520594
6233333,26.7869,0.081166,8.37959
6266666,21.3814,0.050745,2.10752
6266666,6.49257,-2.41416,-0.644176
6266666,27.5858,0.188944,8.26855
6300000,20.8859,0.00526015,2.39649
6300000,5.90538,-2.45669,-0.364647
6300000,27.2957,0.142003,8.55998
6333333,21.7486,-0.0616937,2.65234
6333333,6.67606,-2.52034,-0.117624
6333333,28.3639,0.0736337,8.81819
6366666,21.6481,0.012103,1.67612
6366666,6.48336,-2.44287,-1.10196
6366666,28.4691,0.146053,7.84425
6400000,20.7265,-0.0279589,1.67491
6400000,5.46911,-2.4789,-1.11051
6400000,27.753,0.104651,7.84523
6433333,21.0187,0.0173282,1.91773
6433333,5.66855,-2.42919,-0.874154
6433333,28.2509,0.148633,8.09017
6466666,21.6028,-0.00428175,1.86585
6466666,6.15971,-2.44599,-0.931534
6466666,29.0408,0.125752,8.04033
6500000,21.9017,0.0416841,1.05378
6500000,6.36544,-2.3948,-1.74803
6500000,29.5456,0.170481,7.23023
6533333,21.8482,-0.0166279,1.23098
6533333,6.21859,-2.44748,-1.57408
6533333,29.6979,0.110963,7.40933
6566666,21.2917,-0.0503591,1.79935
6566666,5.56874,-2.47514,-1.00768
6566666,29.3474,0.0760574,7.97953
6600000,21.4597,0.0281762,1.15614
6600000,5.64334,-2.39008,-1.65144
6600000,29.7215,0.153448,7.33809
6633333,22.1019,0.0107864,1.3071
6633333,6.19203,-2.40048,-1.49948
6633333,30.5697,0.134942,7.49077
6666666,21.6187,0.0615985,1.3491
6666666,5.61552,-2.34219,-1.45479
6666666,30.2927,0.184666,7.53443
6700000,22.1375,-0.00417896,1.44297
6700000,6.04095,-2.39998,-1.35637
6700000,31.0176,0.117828,7.6299
6733333,21.0542,-0.0179496,1.20821
6733333,4.86456,-2.40523,-1.58456
6733333,30.1406,0.103022,7.3967
6766666,22.379,0.0244553,1.24387
6766666,6.09656,-2.35375,-1.54013
6766666,31.6717,0.144417,7.43386
6800000,22.2918,-0.0495213,0.807004
6800000,5.91681,-2.41807,-1.9658
6800000,31.7909,0.0694555,6.99845
6833333,22.5399,0.0332547,1.13506
6833333,6.07276,-2.32503,-1.62391
6833333,32.2453,0.15127,7.32792
6866666,22.2165,0.0351701,1.24054
6866666,5.65776,-2.3122,-1.50173
6866666,32.1284,0.152247,7.43477
6900000,21.9536,-2.15985e-05,1.33155
6900000,5.30378,-2.33582,-1.39089
6900000,32.072,0.116139,7.5271
6933333,22.2957,-0.0309561,0.478771
6933333,5.55558,-2.35447,-2.2204
6933333,32.6206,0.0843101,6.67561
6966666,22.208,0.00681569,0.813638
6966666,5.37834,-2.30367,-1.85853
6966666,32.7395,0.121208,7.01173
7000000,22.1649,0.0424074,0.00781881
7000000,5.2467,-2.25426,-2.63326
7000000,32.903,0.155947,6.20712
7033333,22.3268,0.0184286,0.0754049
7033333,5.32111,-2.2636,-2.53012
7033333,33.2715,0.131135,6.27589
7066666,22.041,0.0073765,0.30806
7066666,4.9491,-2.25915,-2.25706
7066666,33.1924,0.119269,6.50968
7100000,22.0632,-0.0428396,0.375392
7100000,4.88647,-2.29294,-2.144
7100000,33.4214,0.068257,6.57813
7133333,22.5978,0.0359093,0.528742
7133333,5.33784,-2.1968,-1.93912
7133333,34.1627,0.146229,6.73256
7166666,22.2324,0.0399043,0.118737
7166666,4.89105,-2.1744,-2.29128
7166666,34.0041,0.149464,6.32361
7200000,22.764,-0.00517602,-0.227184
7200000,5.34332,-2.2,-2.57246
7200000,34.7426,0.103641,5.97871
7233333,22.2916,0.0232791,-0.108413
7233333,4.79368,-2.15094,-2.38145
7233333,34.477,0.131371,6.09847
7266666,22.1481,-0.00631289,0.186207
7266666,4.57555,-2.15875,-2.00642
7266666,34.5404,0.101069,6.39406
7300000,22.4805,0.0272462,-0.124368
7300000,4.83613,-2.10216,-2.22772
7300000,35.0798,0.133935,6.08443
7333333,22.5318,0.00128789,0.118879
7333333,4.81874,-2.10379,-1.88558
7333333,35.3381,0.107298,6.3286
7366666,22.6782,-0.0152253,0.0655775
7366666,4.89985,-2.09461,-1.82959
7366666,35.6915,0.0901223,6.27619
7400000,22.2892,0.0145476,0.223427
7400000,4.44932,-2.03774,-1.55124
7400000,35.5095,0.119247,6.43491
7433333,22.1129,-0.029277,-0.13501
7433333,4.21566,-2.05301,-1.77712
7433333,35.5403,0.074788,6.07733
7466666,22.513,-0.0125271,-0.402748
7466666,4.56299,-2.00619,-1.89941
7466666,36.1474,0.0909177,5.81042
7500000,22.1888,-0.0438056,-0.217918
7500000,4.19111,-2.00585,-1.5554
7500000,36.0304,0.0590326,6.06232
7533333,22.7329,0.0320367,-0.625352
7533333,4.69294,-1.89681,-1.78911
7533333,36.7838,0.134275,5.72194
7566666,22.1962,0.0244004,-0.463399
7566666,4.11999,-1.86965,-1.43814
7566666,36.4587,0.126045,5.95095
7600000,21.7553,0.00567987,-0.99286
7600000,3.64935,-1.85199,-1.76265
7600000,36.2316,0.106737,5.48853
7633333,22.5881,-0.00155559,-1.34383
7633333,4.45948,-1.82126,-1.8922
7633333,37.2804,0.0989203,5.2046
7666666,22.6372,-0.0127313,-0.667019
7666666,4.49349,-1.79292,-0.977128
7666666,37.5478,0.0871696,5.94845
7700000,21.7499,-0.0184165,-0.64595
7700000,3.59924,-1.75761,-0.70081
7700000,36.881,0.0809154,6.03654
7733333,22.2032,-0.0292685,-0.744295
7733333,4.05435,-1.72607,-0.527005
7733333,37.5571,0.0695003,6.00522
7766666,21.6654,-0.0121962,-0.94204
7766666,3.52767,-1.66532,-0.436065
7766666,37.2443,0.0860154,5.87449
7800000,22.3533,-0.0141314,-1.26465
7800000,4.23644,-1.62242,-0.454123
7800000,38.1594,0.0835287,5.61889
7833333,22.0445,-0.00667568,-1.85137
7833333,3.95885,-1.56915,-0.721409
7833333,38.0801,0.0904386,5.09918
7866666,21.6364,-0.0380204,-1.03414
7866666,3.59281,-1.55388,0.42885
7866666,37.9037,0.0585536,5.98341
7900000,22.084,-0.026452,-1.80949
7900000,4.09362,-1.49511,-0.00146106
7900000,38.5852,0.0695873,5.27506
7933333,22.3901,0.00149422,-1.61691
7933333,4.46453,-1.41961,0.546349
7933333,39.1274,0.0970041,5.53463
7966666,21.6265,-0.0312459,-2.41614
7966666,3.77774,-1.40466,0.110523
7966666,38.6023,0.06374,4.80239
8000000,21.689,0.0175657,-1.2192
8000000,3.92907,-1.30826,1.65264
8000000,38.9054,0.112033,6.06631
8033333,21.5358,0.0263481,-1.90826
8033333,3.87617,-1.253,1.29912
8033333,38.9951,0.120302,5.44422
8066666,21.6399,-0.0243661,-1.48203
8066666,4.09152,-1.2585,2.05003
8066666,39.3443,0.0690787,5.93743
8100000,21.271,0.00957023,-1.09455
8100000,3.84446,-1.18073,2.75042
8100000,39.2227,0.102512,6.39187
8133333,21.2914,0.0250299,-1.70327
8133333,3.99693,-1.12292,2.44221
8133333,39.4926,0.117473,5.85012
8166666,21.827,-0.0506425,-2.23628
8166666,4.67448,-1.1578,2.19697
8166666,40.28,0.0413064,5.38407
8200000,21.8604,0.0147342,-1.85067
8200000,4.85913,-1.05323,2.85747
8200000,40.5674,0.106194,5.83663
8233333,21.9867,-0.0140546,-1.18825
8233333,5.1457,-1.04444,3.78203
8233333,40.95,0.0769212,6.56601
8266666,21.0872,-0.0146889,-1.55067
8266666,4.41491,-1.00912,3.66923
8266666,40.3089,0.0758074,6.27053
8300000,21.8198,-0.048683,-2.26725
8300000,5.32438,-1.00876,3.19016
8300000,41.3022,0.0413384,5.62089
8333333,21.119,0.0220876,-1.92808
8333333,4.8082,-0.905216,3.75523
8333333,40.8644,0.111639,6.027
8366666,21.0944,0.00940108,-2.05978
8366666,4.97557,-0.886663,3.83836
8366666,41.105,0.098486,5.96223
8400000,21.3234,-0.00173133,-2.25992
8400000,5.40351,-0.868042,3.84261
8400000,41.6014,0.0868921,5.82903
8433333,21.1429,-0.0829853,-2.28399
8433333,5.42851,-0.920975,4.0131
8433333,41.6905,0.00518083,5.87188
8466666,21.5555,-0.00428234,-2.33735
8466666,6.05305,-0.815324,4.14512
8466666,42.375,0.0834309,5.88545
8500000,21.0212,0.0016341,-2.25628
8500000,5.73665,-0.783772,4.403
8500000,42.1147,0.0888986,6.03343
8533333,21.0875,-0.0120102,-2.71059
8533333,6.02668,-0.773031,4.11754
8533333,42.4574,0.0748097,5.64604
8566666,20.9153,-0.0824752,-2.59522
8566666,6.08368,-0.820298,4.39439
8566666,42.5637,0.00390431,5.82833
8600000,20.429,0.0069562,-2.87948
8600000,5.83185,-0.708795,4.26479
8600000,42.3582,0.0928992,5.61098
8633333,20.8102,-0.0396657,-2.71328
8633333,6.45258,-0.734412,4.57936
8633333,43.0224,0.0458449,5.84409
8666666,20.2436,-0.0405871,-2.38577
8666666,6.13037,-0.715336,5.04941
8666666,42.7411,0.044495,6.23849
8700000,20.2935,-0.00513289,-2.69106
8700000,6.42923,-0.660836,4.88132
8700000,43.0784,0.0795246,6.0001
8733333,20.6239,-0.0504471,-2.4583
8733333,7.01325,-0.688004,5.24635
8733333,43.6986,0.0337896,6.29977
8766666,20.3045,-0.00249198,-2.60883
8766666,6.95166,-0.622749,5.22354
8766666,43.6711,0.0813277,6.21612
8800000,20.2427,-0.0324091,-2.59177
8800000,7.15192,-0.636166,5.36415
8800000,43.9035,0.0509973,6.30008
8833333,20.2932,0.0153572,-3.16782
8833333,7.46846,-0.572653,4.90779
8833333,44.2504,0.098354,5.79092
8866666,20.1809,-0.0166535,-2.67986
8866666,7.62622,-0.589627,5.5119
8866666,44.4367,0.0659374,6.34576
8900000,19.5082,-0.0142668,-3.44493
8900000,7.22737,-0.572874,4.8597
8900000,44.0649,0.0679217,5.64757
8933333,19.4974,0.0186329,-3.2735
8933333,7.49407,-0.526239,5.141
8933333,44.3571,0.100423,5.88588
8966666,19.6034,-0.00826898,-3.94
8966666,7.88125,-0.540001,4.58158
8966666,44.7685,0.0731253,5.28626
9000000,19.3034,-0.0430115,-3.80257
9000000,7.8659,-0.562165,4.82353
9000000,44.776,0.0379909,5.49056
9033333,19.5751,-0.0742483,-3.25296
9033333,8.42577,-0.581354,5.47529
9033333,45.3575,0.00636551,6.10704
9066666,19.3281,0.00170352,-3.33367
9066666,8.47023,-0.493856,5.49455
9066666,45.4225,0.0819322,6.0932
9100000,18.957,-0.0338117,-3.99354
9100000,8.39399,-0.518297,4.93261
9100000,45.3657,0.046035,5.50019
9133333,19.3027,0.00506194,-3.87154
9133333,9.03772,-0.468797,5.15067
9133333,46.0278,0.0845301,5.68905
9166666,18.9421,0.00141159,-4.19199
9166666,8.97835,-0.462244,4.92455
9166666,45.9859,0.0805044,5.43547
9200000,18.7203,-0.0201717,-3.61058
9200000,9.06089,-0.474023,5.59867
9200000,46.0851,0.0585489,6.08373
9233333,18.3814,-0.0398733,-4.4298
9233333,9.0293,-0.4843,4.87067
9233333,46.0692,0.0384784,5.33137
9266666,18.2552,0.0247275,-4.14914
9266666,9.21349,-0.410634,5.24116
9266666,46.2684,0.102713,5.67888
9300000,18.151,-0.0570721,-4.02289
9300000,9.42272,-0.483707,5.45595
9300000,46.4918,0.0205507,5.87198
9333333,18.4119,0.0445345,-3.9383
9333333,9.99991,-0.373698,5.62788
9333333,47.0826,0.121797,6.02342
9366666,17.9854,-0.0102748,-4.21445
9366666,9.89262,-0.42041,5.43794
9366666,46.9881,0.0666313,5.81411
9400000,18.2169,-0.00645301,-4.32356
9400000,10.4462,-0.408782,5.41401
9400000,47.5539,0.0700992,5.77185
9433333,17.9797,0.0312092,-4.5081
9433333,10.5339,-0.36359,5.31368
9433333,47.6532,0.107411,5.65416
9466666,17.3029,-0.0412416,-4.58301
9466666,10.1847,-0.428773,5.32205
9466666,47.3151,0.0346116,5.64608
9500000,17.4688,0.0152801,-4.39167
9500000,10.6811,-0.365234,5.59583
9500000,47.8221,0.090788,5.90426
9533333,17.6045,-0.0267037,-4.20302
9533333,11.1499,-0.400438,5.86613
9533333,48.3009,0.0484618,6.15975
9566666,17.3791,0.024139,-4.53388
9566666,11.2604,-0.343043,5.61617
9566666,48.421,0.0989648,5.89572
9600000,17.5366,0.0303254,-4.75065
9600000,11.7564,-0.330519,5.4796
9600000,48.9261,0.104814,5.74578
9633333,16.9063,0.018266,-4.80367
9633333,11.4674,-0.336448,5.50614
9633333,48.6457,0.0924207,5.75959
9666666,17.043,-0.035516,-4.41114
9666666,11.948,-0.384295,5.97759
9666666,49.1346,0.0383071,6.21894
9700000,17.0424,0.000958383,-4.7644
9700000,12.2939,-0.342074,5.7027
9700000,49.4883,0.0744527,5.93252
9733333,16.2042,0.0244592,-5.01967
9733333,11.8047,-0.313005,5.52524
9733333,49.0066,0.0976272,5.74406
9766666,15.9704,-0.00150615,-5.36523
9766666,11.9226,-0.333574,5.25698
9766666,49.1316,0.0713382,5.46532
9800000,16.2282,0.00107599,-5.00048
9800000,12.5347,-0.325759,5.69856
9800000,49.7505,0.0735992,5.8969
9833333,16.239,-0.00137132,-4.88625
9833333,12.9022,-0.32313,5.88916
9833333,50.1245,0.0708332,6.07794
9866666,15.8316,-0.0160444,-5.20948
9866666,12.8542,-0.332877,5.64188
9866666,50.0825,0.055844,5.82154
9900000,15.7746,-0.0257486,-5.33856
9900000,13.159,-0.337799,5.58833
9900000,50.3932,0.0458261,5.75927
9933333,16.0255,-0.0682215,-5.11641
9933333,13.7743,-0.375628,5.88565
9933333,51.0141,0.00304198,6.04823
9966666,15.2696,-0.0110901,-5.92001
9966666,13.3853,-0.313984,5.15684
9966666,50.6304,0.0598646,5.31144
